<?xml version="1.0" encoding="UTF-8"?>
<!DOCTYPE mapper PUBLIC "-//mybatis.org//DTD Mapper 3.0//EN" "http://mybatis.org/dtd/mybatis-3-mapper.dtd">
<mapper namespace="com.data.financeapi.mapper.AccountsSubjectMapper">
    <select id="qryAccountsSubjectList" resultType="com.data.financeapi.vo.AccountsSubjectVo">
        select
        b.pid,b.subject_name,b.subject_code,
        b.subject_level,b.account_status,
        a.* from t_accountssubject as a
        left join t_subject as b on a.subject_id=b.id
        <trim prefix="WHERE" prefixOverrides="AND |OR">
            <if test="AccountsSubjectQryDto.Id != null and AccountsSubjectQryDto.Id != ''">
                AND a.subject_id =#{AccountsSubjectQryDto.Id}
            </if>
            <if test="AccountsSubjectQryDto.SubjectType != null and AccountsSubjectQryDto.SubjectType != ''">
                AND b.subject_type =#{AccountsSubjectQryDto.SubjectType}
            </if>
            <if test="AccountsSubjectQryDto.AccountsId != null and AccountsSubjectQryDto.AccountsId != ''">
                AND a.accounts_id =#{AccountsSubjectQryDto.AccountsId}
            </if>
        </trim>
    </select>
</mapper>
