<?xml version="1.0" encoding="UTF-8"?>
<!DOCTYPE mapper PUBLIC "-//mybatis.org//DTD Mapper 3.0//EN" "http://mybatis.org/dtd/mybatis-3-mapper.dtd">
<mapper namespace="com.data.financeapi.mapper.AccountsMapper">
    <select id="qryAccountsList" resultType="com.data.financeapi.vo.AccountsVo">
        select * from t_accounts
        <trim prefix="WHERE" prefixOverrides="AND |OR">
            <if test="AccountsQryDto.Id != null and AccountsQryDto.Id != ''">
                AND id =#{AccountsQryDto.Id}
            </if>
            <if test="AccountsQryDto.AccountsName != null and AccountsQryDto.AccountsName != ''">
                AND accounts_name like CONCAT('%',#{AccountsQryDto.AccountsName,jdbcType=VARCHAR},
            </if>
        </trim>
    </select>
</mapper>
