<?xml version="1.0" encoding="UTF-8"?>
<!DOCTYPE mapper PUBLIC "-//mybatis.org//DTD Mapper 3.0//EN" "http://mybatis.org/dtd/mybatis-3-mapper.dtd">
<mapper namespace="com.data.financeapi.mapper.MenuMapper">
    <resultMap id="MenuVo" type="com.data.financeapi.vo.MenuVo">
    </resultMap>
    <select id="qryMenuList" resultType="com.data.financeapi.vo.MenuVo">
        select id,pid,title as name,path,icon,title,component from t_menu
    </select>
    <select id="qryMenuListByid" resultType="com.data.financeapi.vo.MenuVo">
        SELECT
        id,pid,title as name,path,icon,title,component
        FROM
        t_menu
        <trim prefix="WHERE" prefixOverrides="AND |OR">
            <if test="menuQryDto.IdStr != null and menuQryDto.IdStr != ''">
                and id in
                <foreach item="item" index="index" collection="menuQryDto.IdStr.split(',')"  open="(" separator="," close=")">
                    #{item}
                </foreach>
            </if>
        </trim>
    </select>
</mapper>
