<?xml version="1.0" encoding="UTF-8"?>
<!DOCTYPE mapper PUBLIC "-//mybatis.org//DTD Mapper 3.0//EN" "http://mybatis.org/dtd/mybatis-3-mapper.dtd">
<mapper namespace="com.data.financeapi.mapper.SubjectMapper">
    <select id="qrySubjectList" resultType="com.data.financeapi.vo.SubjectVo">
        select * from t_subject
        <trim prefix="WHERE" prefixOverrides="AND |OR">
            <if test="SubjectQryDto.Id != null and SubjectQryDto.Id != ''">
                AND pid =#{SubjectQryDto.Id}
            </if>
            <if test="SubjectQryDto.SubjectType != null and SubjectQryDto.SubjectType != ''">
                AND subject_type =#{SubjectQryDto.SubjectType}
            </if>
        </trim>
    </select>
    <select id="qrySubjectById" resultType="com.data.financeapi.vo.SubjectVo">
        select * from t_subject
        <trim prefix="WHERE" prefixOverrides="AND |OR">
            <if test="SubjectQryDto.Id != null and SubjectQryDto.Id != ''">
                AND id =#{SubjectQryDto.Id}
            </if>
        </trim>
    </select>
</mapper>
