<?xml version="1.0" encoding="UTF-8"?>
<!DOCTYPE mapper PUBLIC "-//mybatis.org//DTD Mapper 3.0//EN" "http://mybatis.org/dtd/mybatis-3-mapper.dtd">
<mapper namespace="com.data.financeapi.mapper.UserAuthMapper">
    <insert id="saveUserAuthArray" parameterType="java.util.List">
        INSERT INTO
        t_userauth(id,role_id,user_id)
        VALUES
        <foreach collection="userAuthDto" item="item" separator="," >
            (#{item.Id},#{item.RoleId},#{item.UserId})
        </foreach>
    </insert>
    <select id="qryUserAuthList" resultType="com.data.financeapi.vo.UserAuthVo">
        select role_id as Id
        from t_userauth
        <trim prefix="WHERE" prefixOverrides="AND |OR">
            <if test="userAuthQryDto.userId != null and userAuthQryDto.userId != ''">
                AND user_id = #{userAuthQryDto.userId}
            </if>
        </trim>
    </select>
</mapper>
