<?xml version="1.0" encoding="UTF-8"?>
<!DOCTYPE mapper PUBLIC "-//mybatis.org//DTD Mapper 3.0//EN" "http://mybatis.org/dtd/mybatis-3-mapper.dtd">
<mapper namespace="com.data.financeapi.mapper.UserMapper">
    <select id="qryUserListPage" resultType="com.data.financeapi.vo.UserVo">
        select *
        from t_user
        <trim prefix="WHERE" prefixOverrides="AND |OR">
            <if test="UserQryDto.userName != null and UserQryDto.userName != ''">
                AND user_name like CONCAT('%',#{UserQryDto.userName,jdbcType=VARCHAR}, '%')
            </if>
        </trim>
    </select>
    <select id="qryUserPageByid" resultType="com.data.financeapi.vo.UserVo">
        SELECT
        u.*
        FROM
        t_user u
        <trim prefix="WHERE" prefixOverrides="AND |OR">
            <if test="UserQryDto.DeptIdStr != null and UserQryDto.DeptIdStr != ''">
                and u.dept_id in
                <foreach item="item" index="index" collection="UserQryDto.DeptIdStr.split(',')"  open="(" separator="," close=")">
                    #{item}
                </foreach>
            </if>
        </trim>
    </select>

</mapper>
