<?xml version="1.0" encoding="UTF-8"?>
<!DOCTYPE mapper PUBLIC "-//mybatis.org//DTD Mapper 3.0//EN" "http://mybatis.org/dtd/mybatis-3-mapper.dtd">
<mapper namespace="com.data.financeapi.mapper.VoucherMapper">
    <resultMap id="VoucherVo" type="com.data.financeapi.vo.VoucherVo">
    </resultMap>
    <select id="qryVoucherListPage" resultType="com.data.financeapi.vo.VoucherVo">
        select v.*,u.user_name,s.accounts_name from t_voucher as v
        left join t_user as u
        on v.voucher_name=u.id
        left join t_accounts as s
        on v.accounts_id=s.id
        <trim prefix="WHERE" prefixOverrides="AND |OR">
            <if test="VoucherQryDto.VoucherStatus != null">
                AND v.voucher_status =#{VoucherQryDto.VoucherStatus}
            </if>
            <if test="VoucherQryDto.VoucherCode != null and VoucherQryDto.VoucherCode != ''">
                AND v.voucher_code like CONCAT('%',#{VoucherQryDto.VoucherCode,jdbcType=VARCHAR},
            </if>
            <if test="VoucherQryDto.AccountsId != null and VoucherQryDto.AccountsId != ''">
                AND v.accounts_id =#{VoucherQryDto.AccountsId}
            </if>
        </trim>
    </select>
</mapper>
