<?xml version="1.0" encoding="UTF-8"?>
<!DOCTYPE mapper PUBLIC "-//mybatis.org//DTD Mapper 3.0//EN" "http://mybatis.org/dtd/mybatis-3-mapper.dtd">
<mapper namespace="com.data.financeapi.mapper.VoucherDetailMapper">
    <resultMap id="VoucherDetailVo" type="com.data.financeapi.vo.VoucherDetailVo">
    </resultMap>
    <select id="qryVoucherDetailListPage" resultType="com.data.financeapi.vo.VoucherDetailVo">
        select a.*,b.voucher_time,b.voucher_name
        ,b.voucher_code,b.voucher_status
        from t_voucherdetail as a
        left join t_voucher as b
        on a.voucher_id=b.id
        <trim prefix="WHERE" prefixOverrides="AND |OR">
            <if test="VoucherDetailQryDto.VoucherStatus != null and VoucherDetailQryDto.VoucherStatus != ''">
                AND b.voucher_status =#{VoucherDetailQryDto.VoucherStatus}
            </if>
            <if test="VoucherDetailQryDto.VoucherCode != null and VoucherDetailQryDto.VoucherCode != ''">
                AND b.voucher_code like CONCAT('%',#{VoucherDetailQryDto.VoucherCode,jdbcType=VARCHAR},
            </if>
            <if test="VoucherDetailQryDto.VoucherId != null and VoucherDetailQryDto.VoucherId != ''">
                AND a.voucher_id  =#{VoucherDetailQryDto.VoucherId}
            </if>
        </trim>
    </select>
</mapper>
